channel_name,video_title,release_date_1,release_date_2,video_link,video_duration (min),voice
Akhdar,كتاب: الكاريزما وأسرار الجاذبية 🤵‍♂️ #أخضر,9,day,https://www.youtube.com/watch?v=A_1tKTOrWgk,12,voice 1
Akhdar,مـــــياو ميــــــــــــــاو 🐱 ، كتاب:  فكر وتصرف كأنك قط  #أخضر,2,week,https://www.youtube.com/watch?v=4QHrfBhaRUg,13,voice 1
Akhdar,ليه بنتصرف بغباء ؟ 🤔 ، كتاب علم نفس الغباء #أخضر,3,week,https://www.youtube.com/watch?v=UNS9N4JPwNk,16,voice 1
Akhdar,إدمان الدوبامين 💉-  كتاب : صيام الدوبامين: وصفة التحكم في المادة السحرية  #أخضر,4,week,https://www.youtube.com/watch?v=3hNMH1McVAw,14,voice 1
Akhdar,نادي الخوازيق السري  ، كتاب: خازوقولوجي - علم دراسة الخازوق #أخضر,1,month,https://www.youtube.com/watch?v=Gby-P4h_7QM,13,voice 1
Akhdar,كتالوج الشفاء الذاتي 💊 - كتاب لماذا لا تذهب الخراف إلى الطبيب؟ #أخضر,1,month,https://www.youtube.com/watch?v=Qsmjltsb0dY,11,voice 1
Akhdar,اضطراب ما بعد الصدمة 😵 ، كتاب: ماذا حدث لك؟ #أخضر,1,month,https://www.youtube.com/watch?v=vlQkDdxxQ-4,13,voice 1
Akhdar,كلاكيت عاااااشر مرة 🎬، كتاب: سيكولوجيه الرحيل #أخضر,1,month,https://www.youtube.com/watch?v=sZe73A0a9Rk,13,voice 1
Akhdar,عن متلازمة تيك توك🦁 🐋 🧤 #أخضر,2,month,https://www.youtube.com/watch?v=lxx0k99PdK8,13,voice 1
Akhdar,توقف عن التوقع ، كتاب: البجعة السوداء🦩: تداعيات الأحداث غير المتوقعة  #أخضر,2,month,https://www.youtube.com/watch?v=IZDg4Ps8Vp8,12,voice 1
Akhdar,5 مراحل لتخطي الحزن 😢 ، كتاب : عن الاسى و التأسى#أخضر,2,month,https://www.youtube.com/watch?v=_8VCGQpqkMU,11,voice 1
Akhdar,اصنع حياة تليق بك⛏️  ، كتاب: بورتفوليو الحياة #أخضر,2,month,https://www.youtube.com/watch?v=VJmpKsLtYxc,14,voice 1
Akhdar,ازاي تعرف النرجسي 🫅 ، كتاب : كيف تترك شخصا نرجسيا للابد #أخضر,3,month,https://www.youtube.com/watch?v=a8qx9yaDkJY,13,voice 1
Akhdar,هل نتيجتك في الثانوية بتحدد مصيرك؟ ، كتاب Awaken Your Genius  #أخضر,3,month,https://www.youtube.com/watch?v=xAvSbe0exs0,15,voice 1
Akhdar,ازاي أعرف إن أنا مريض نفسي 😓 ، كتاب: استيجما: حلقات نفسية يُقدِّمها المريض النفسي#أخضر,3,month,https://www.youtube.com/watch?v=sqRQqz47hvc,12,voice 1
Akhdar,القاتل الصامت😧، حلقة الاحتراق النفسي #أخضر,3,month,https://www.youtube.com/watch?v=ZPvayFD_bbw,15,voice 1
Akhdar,سر تغيير العادات 💥 ، كتاب: العادات العصبيه #أخضر,3,month,https://www.youtube.com/watch?v=Go4GiIqQ9uw,13,voice 1
Akhdar,الدنيا صعبة؟ اصنع فرصتك 🫵 - ملخص كتاب (إطلاق طاقات الحياة) #أخضر,4,month,https://www.youtube.com/watch?v=S2c0rrgYz0E,11,voice 1
Akhdar,بلاش تعيش دور الضحية مع فطين الفطين #أخضر,4,month,https://www.youtube.com/watch?v=nnvMo84Vb20,3,voice 1
Akhdar,يا تعيس يا بائس 😏 ، كتاب: فن التعاسة #أخضر,4,month,https://www.youtube.com/watch?v=OxtFuUBvI3M,10,voice 1
Akhdar,حل معضلة عبد الباسط حمودة 🎤، كتاب: كيف تكتشف ذاتك #أخضر,4,month,https://www.youtube.com/watch?v=dgxEGCVSMtg,14,voice 1
Akhdar,علم النفس 🆚 الظروف  ، كتاب: علم نفس الظروف #أخضر مترجم بلغة الإشارة,4,month,https://www.youtube.com/watch?v=nxTidwlY-KE,15,voice 1
Akhdar,كفاياك مشاكل نفسية! 😵 ،  كتاب: قوانين التحرر من الصراع النفسي #أخضر مترجم بلغة الاشارة 🤟,5,month,https://www.youtube.com/watch?v=F_5rapUwWx0,14,voice 1
Akhdar,أول ليلة بعد العزاء 😔 ، كتاب : لا بأس الا تكون بخير #أخضر مترجم بلغة الإشارة 🤟,5,month,https://www.youtube.com/watch?v=Pewf9CDSOMw,13,voice 1
Akhdar,ايه اللي خلى المهزأ يبقى مهزأ؟🤔،كتاب: المدخل لفهم سيكولوجية الإنسان المهزأ#أخضر(مترجم بلغة الإشارة🤟),5,month,https://www.youtube.com/watch?v=6K3-ukedolU,15,voice 1
Akhdar,أنا ملقتش الطبطبة 😔، كتاب: لماذا لم يخبرني أحد بهذا من قبل؟ #أخضر,5,month,https://www.youtube.com/watch?v=bDu6WfGHOCA,12,voice 1
Akhdar,7 خطوات لكسب أي نقاش 🤬 #أخضر,6,month,https://www.youtube.com/watch?v=GK2gujcGYtg,12,voice 1
Akhdar,ما وراء تصرفات البشر 🧠 ، كتاب: المناورات الخفية #أخضر,6,month,https://www.youtube.com/watch?v=l3l0XEJWBSU,13,voice 1
Akhdar,علاقات سوشيال مع فطين الفطين #أخضر #فطين,6,month,https://www.youtube.com/watch?v=z0mCoVdgnFc,3,voice 1
Akhdar,ازاي تهتمي بنفسك؟ 🥹  - كتاب العناية الحقيقيّة بالذات #أخضر,6,month,https://www.youtube.com/watch?v=XTyT7Iw70a4,12,voice 1
Akhdar,ازاي تصلح قلب اتكسر💔 ، كتاب : كيف تصلح قلبا مكسورا #أخضر,6,month,https://www.youtube.com/watch?v=oJaG0BUY28M,12,voice 1
Akhdar,اوعى صحتك النفسية تتسرق منك 🧑‍⚕️ ، كتاب : لصوص الصحة النفسية #أخضر,6,month,https://www.youtube.com/watch?v=iQmzmiXKvec,13,voice 1
Akhdar,السجاير و التدخين بعد رمضان و فطين الفطين #أخضر,7,month,https://www.youtube.com/watch?v=LWX0Ha9_MiQ,3,voice 1
Akhdar,عندما يتدخل الإنسان .. يفسد كل شيء 😵 ، كتاب: البشر: موجز تاريخ الفشل وكيف أفسدنا كل شيء #أخضر,7,month,https://www.youtube.com/watch?v=MGZQE9JB0HQ,15,voice 1
Akhdar,هو فيه أم سيئة؟ 🤔، كتاب :الجوع الى الامومه #أخضر,7,month,https://www.youtube.com/watch?v=4-CpHxJwpPs,12,voice 1
Akhdar,الشغل و تنظيم الوقت في رمضان و فطين الفطين #أخضر,7,month,https://www.youtube.com/watch?v=0Y7Xl5yp4p4,3,voice 1
Akhdar,أنت مكتئب ليه؟ 😫، كتاب: أسباب وجيهة للمشاعر السيئة #أخضر,7,month,https://www.youtube.com/watch?v=LidS0YvnLVg,15,voice 1
Akhdar,العصبية في رمضان و فطين الفطين #أخضر,7,month,https://www.youtube.com/watch?v=vLeV9N4eihk,4,voice 1
Akhdar,نام واستريح هتنجز أكتر😴💤  - كتاب استرح #أخضر,7,month,https://www.youtube.com/watch?v=NVyk4jdYb8I,13,voice 1
Akhdar,فطين الفطين و الجوع و العطش #أخضر #فطين_الفطين,7,month,https://www.youtube.com/watch?v=Oh-yBE8HMiA,3,voice 1
Akhdar,القراءة مضرة بالصحة و تسبب الوفاه ☠️ ، كتاب: 27 خرافة شعبية عن القراءة #أخضر,8,month,https://www.youtube.com/watch?v=pXwxynb0gAA,13,voice 1
Akhdar,حكاية الكي بوب والغزو الكوري🥁 ، أخضر كاست #أخضر,8,month,https://www.youtube.com/watch?v=VTfgiBzin0k,12,voice 1
Akhdar,الحرب علي الجبهة الرقمية ⚔️ ، كتاب : شبه حرب #أخضر,8,month,https://www.youtube.com/watch?v=wjDzOjoI3MA,11,voice 1
Akhdar,دليل النجاه من المشاكل العائليه 📗 ، دليل النجاة الفردية #أخضر,8,month,https://www.youtube.com/watch?v=ZG_l3oxEq48,14,voice 1
Akhdar,انت لست سيد قرارك! 🔴🟢 ، فن الانتقاء #أخضر,9,month,https://www.youtube.com/watch?v=TUO9DiSiH90,13,voice 1
Akhdar,أكذوبة الجمال المثالي 🪞، كتاب: Beauty Sick #أخضر,9,month,https://www.youtube.com/watch?v=ZkD6X7oFahU,12,voice 1
Akhdar,بدها طول نفس! ازاي تخلي معنوياتك عاليا ✊ ، كتاب إجهاد التعاطف #أخضر,9,month,https://www.youtube.com/watch?v=ppxixaB0qfA,13,voice 1
Akhdar,اجعلني سيكوباتيًا 🤪، كتاب : حكمة السيكوباتيين #أخضر,9,month,https://www.youtube.com/watch?v=K4lUIcFuvwI,14,voice 1
Akhdar,5 أسئلة لكشف الكذاب 🔎 ، كتاب: كيف تكشف الكذاب #أخضر,9,month,https://www.youtube.com/watch?v=QQDfnPZLkQY,11,voice 1
Akhdar,ليه بقينا أكثر قسوة ، كتاب: مستقبل المشاعر #أخضر,10,month,https://www.youtube.com/watch?v=W6PiwOquKnE,13,voice 1
Akhdar,اوعى تقع في المغالطات المنطقية 🕸️، كتاب: المغالطون #أخضر,10,month,https://www.youtube.com/watch?v=sVNESZHYHD0,11,voice 1
Akhdar,لا تُفِرْط في الحب💔، كتاب : عندما تحب النساء أكثر مما ينبغي #أخضر,10,month,https://www.youtube.com/watch?v=EvTdeCfC04c,15,voice 1
Akhdar,فخ تصديق الأوهام 😵‍💫  ، كتاب: أنت على وشك ارتكاب خطأ فادح #أخضر,10,month,https://www.youtube.com/watch?v=FKlNxp4klD4,14,voice 1
Akhdar,يمكن الوحش اللي جواك لطيف!؟👹 ، كتاب: الوحش الذي يسكنك يمكن أن يكون لطيفًا #أخضر,11,month,https://www.youtube.com/watch?v=OuyJmXuzdDo,13,voice 1
Akhdar,أصحاب الأرض و الخرافات الإسرائيلية العشر #أخضر,11,month,https://www.youtube.com/watch?v=1Z63dzxX-PU,19,voice 1
Akhdar,ازاي تتخلص من ال stress  😵‍💫، كتاب نهاية الإجهاد النفسي.. #أخضر,11,month,https://www.youtube.com/watch?v=R-ZO0aXSNoI,11,voice 1
Akhdar,ازاي بتشتغل دماغ الرجالة؟ 🤔 ، كتاب :لماذا يتزوج الرجال العاهرات #أخضر,11,month,https://www.youtube.com/watch?v=e2hDoTKmQ8w,12,voice 1
Akhdar,خرافة الإنسان الكامل ❌، كتاب: متلازمه العافيه #أخضر,1,year,https://www.youtube.com/watch?v=dDADdzmA1EM,13,voice 1
Akhdar,ازاي تكسر عقدة الطفولة 🔗 ، كتاب: السير بلا وقود #أخضر,1,year,https://www.youtube.com/watch?v=3ERCaPWDHB0,14,voice 1
Akhdar,اعرف امتى تكون انطوائي 🫧،  تذكرة نجاة للانطوائيين #أخضر,1,year,https://www.youtube.com/watch?v=LZqHd493Z1M,11,voice 1
Akhdar,حول انتكاساتك لنجاحات عظيمة 📈، كتاب: محاط بالانتكاسات #أخضر,1,year,https://www.youtube.com/watch?v=yNQjCuJvFXQ,13,voice 1
Akhdar,ازاي تتحكم في القلق ❌، كتاب: إزالة القلق#أخضر,1,year,https://www.youtube.com/watch?v=mXY1tGG-q_Y,11,voice 1
Akhdar,متبقاش سجين عاداتك 🔗 ، كتاب: صعوبة التخلص من العادات. #أخضر,1,year,https://www.youtube.com/watch?v=urIJH3jjosM,12,voice 1
Akhdar,خرافات التنمية البشرية 😓، كتاب: ثرثرة نفسية #أخضر,1,year,https://www.youtube.com/watch?v=5ZdK-bmh0kA,14,voice 1
Akhdar,ازاي تهتم بصحتك النفسية زي صحتك الجسدية 😵‍💫، كتاب: فهم الأمراض النفسية منطقيًّا  #أخضر,1,year,https://www.youtube.com/watch?v=eVsw6DaqhKg,12,voice 1
Akhdar,دليل الحياة السعيدة 📖، كتاب:  السعادة الواقعية #أخضر,1,year,https://www.youtube.com/watch?v=brJPA7_z7yk,12,voice 1
Akhdar,عندما تتحول المتعة لألم 😵‍💫، كتاب: امة الدوبامين #أخضر,1,year,https://www.youtube.com/watch?v=ejPGEM3ZZsU,13,voice 1
Akhdar,ازاي تعرف انك كويس بجد! 🤔، كتاب: سيكولوجية ان تكون بخير #أخضر,1,year,https://www.youtube.com/watch?v=uhkz4XHXQy8,13,voice 1
Akhdar,متبقاش ضحية لـ نار غضبك 🔥، كتاب: في وجه النار #أخضر,1,year,https://www.youtube.com/watch?v=jr9iqhDEusM,12,voice 1
Akhdar,لو مش قادر تعيش من غيرها.... تبقى مُدمِنها 😵، كتاب:غرف إدمان #أخضر,1,year,https://www.youtube.com/watch?v=-9ECLFsva2k,13,voice 1
Akhdar,ازاي متبقاش متوتر في عالم يدفعك للتوتر😵‍💫 ، كتاب:  ملاحظات حول كوكب متوتر #أخضر,1,year,https://www.youtube.com/watch?v=-NqlB1Oz81Q,11,voice 1
Akhdar,بطل تكذب على نفسك! 🫵، كتاب:  اكاذيب نخبرها لانفسنا #أخضر,1,year,https://www.youtube.com/watch?v=ZgDV2EClGUM,13,voice 1
Akhdar,اتعلم تقول لأ ❌، كتاب: توقف عن ارضاء الاخرين #أخضر,1,year,https://www.youtube.com/watch?v=Wjgvcj-DHNk,10,voice 1
Akhdar,ازاي تتعامل مع اصعب 10 شخصيات 😤 كتاب: التعامل مع اناس لا تحتملهم #أخضر,1,year,https://www.youtube.com/watch?v=xfitApUPWsY,14,voice 1
Akhdar,ليه بنشير تفاصيل حياتنا 🤔! ، حين شاركنا حياتنا عبر الانترنت #أخضر,1,year,https://www.youtube.com/watch?v=U4fC2OH5qyc,11,voice 1
Akhdar,9 سلوكيات لحل المشكلات 👌، كتاب:  توقف عن التخمين #أخضر,1,year,https://www.youtube.com/watch?v=1RNEnJhpFPE,12,voice 1
Akhdar,اتغيرو قبل ما تغيرو❤️ ، كتاب: تحسينات في المنزل #أخضر,1,year,https://www.youtube.com/watch?v=sR59QSmXODs,12,voice 1
Akhdar,ليه ممتلئ بالفراغ 😵‍💫، كتاب ممتلئ بالفراغ #أخضر,1,year,https://www.youtube.com/watch?v=-G0yITPOEl4,14,voice 1
Akhdar,كيف خدعت أمريكا العالم بالدولار ، حلقة الدولار من أخضر كاست #أخضر,1,year,https://www.youtube.com/watch?v=IyUb7a6g77Y,13,voice 1
Akhdar,اعرف مين عدوك الحقيقي 😰، كتاب قوة الان #أخضر,1,year,https://www.youtube.com/watch?v=6hS4b_jJQ10,13,voice 1
Akhdar,كيف يتلاعبون بالجماهير😵‍💫، كتاب: سيكولوجية الجماهير #أخضر,1,year,https://www.youtube.com/watch?v=R0UpuU0n9M0,13,voice 1
Akhdar,مش لازم تتولد موهوب! اتعلمها 😎 ،كتاب: شفرة الموهبة #أخضر,1,year,https://www.youtube.com/watch?v=Aej8ONmIyeA,11,voice 1
Akhdar,كون دائرة ثقتك في 9 خطوات 🫂 ، من يحمي ظهرك #أخضر,1,year,https://www.youtube.com/watch?v=xpsw4nNUR8o,12,voice 1
Akhdar,انتصر بدون معركة ⚔️، كتاب فن الحرب #أخضر,1,year,https://www.youtube.com/watch?v=WdhgfA2hjBE,12,voice 1
Akhdar,فلسفة البساطة 😊 ،كتاب: بهجة الحياة #أخضر,1,year,https://www.youtube.com/watch?v=dOgn8H7VLNs,12,voice 1
Akhdar,مع السلامة يا توتر ! 🧘‍♂️ كتاب : شربة دجاج للروح #أخضر,1,year,https://www.youtube.com/watch?v=YOWDP0wHpAI,11,voice 1
Akhdar,الكحك عدو ام صديق ؟! 🤔 ، كتاب:  الاكل عدو ام صديق #أخضر,1,year,https://www.youtube.com/watch?v=bbfxUT0zQoc,12,voice 1
Akhdar,كل دول مرضى نفسيين؟ 🙄، كتاب :محاط بالمرضى النفسيين #أخضر,1,year,https://www.youtube.com/watch?v=HlD2g9IJHmk,13,voice 1
Akhdar,اربع 4  قواعد للعمل العميق 👨‍💼، كتاب : عمل عميق #أخضر,1,year,https://www.youtube.com/watch?v=JvGzKLAgca4,12,voice 1
Akhdar,ازاي تستغل يومك في رمضان 🌙 ، حلقة : كتالوج رمضان #أخضر,1,year,https://www.youtube.com/watch?v=RG2oGbGBs-M,5,voice 1
Akhdar,كيف تتكلم فيسمعك الجميع 🥸، كتاب: فن الكلام #أخضر,1,year,https://www.youtube.com/watch?v=X8rVZ1Y2Ef8,12,voice 1
Akhdar,ازاي تدير فلوسك صح! 💸💵 ، كتاب : سيكولوجية المال #أخضر,1,year,https://www.youtube.com/watch?v=V-B0040lmic,11,voice 1
Akhdar,ازاي تبدأ أول خطوة في ال 1000 ميل 🛣️، كتاب: الأثر المذهل للعادات البسيطة #أخضر,1,year,https://www.youtube.com/watch?v=M0gKuTAI6vQ,10,voice 1
Akhdar,متخليش حد يتحكم في عقلك 🤯، كتاب:  المتلاعبون بالعقول #أخضر,1,year,https://www.youtube.com/watch?v=wvrmtpMK3NE,11,voice 1
Akhdar,أنا ليه وحيد؟ 😓، كتاب توقف عن البقاء وحيدًا #أخضر,1,year,https://www.youtube.com/watch?v=MthaJH31vVE,11,voice 1
Akhdar,اتعلم أي حاجة في 20 ساعة بس! 📈 كتاب: أول عشرين ساعة #أخضر,1,year,https://www.youtube.com/watch?v=tMG4kP607ZA,12,voice 1
Akhdar,صندوق واحد مش كفاية 💡، كتاب التفكير في صناديق جديدة #أخضر,1,year,https://www.youtube.com/watch?v=UIir7sX55Dk,13,voice 1
Akhdar,ليه مرتبك مش بيكفي لاخر الشهر 😢، كتاب وهم المقارنة #أخضر,1,year,https://www.youtube.com/watch?v=4IckPlJM9Eo,12,voice 1
Akhdar,أخضر مش بس في المعرض.. أخضر في كل مكان في المعرض ✌️💚دوّر على أخضر مكان في المعرض تلاقينا 😅#أخضر,1,year,https://www.youtube.com/watch?v=lOElg0ZtfXg,36,voice 1
Akhdar,يعني ايه ذكاء عاطفي ❤️🧠، كتاب: النوع الآخر من الذكاء #أخضر,1,year,https://www.youtube.com/watch?v=_W6IOJDvid0,12,voice 1
Akhdar,خلي السعادة عادة 🎉، كتاب معادلة السعادة #أخضر,1,year,https://www.youtube.com/watch?v=6zLymMQMhQ4,12,voice 1
Akhdar,ازاي تتعافى من جرح العلاقات السابقة ؟💔، كتاب: أزمة تعلق #أخضر,1,year,https://www.youtube.com/watch?v=CQhwiYSnP-I,13,voice 1
Akhdar,ازاي تشتغل بالبيجامة👨🏻‍💻، كتاب: دليلك المختصر لبدء العمل عبر الإنترنت #أخضر,1,year,https://www.youtube.com/watch?v=48MqMjhejaw,12,voice 1
Akhdar,خلي حياتك نسخة أفضل 📈كتاب: ترقيه حياتك#أخضر,1,year,https://www.youtube.com/watch?v=zjUI5IWsQuo,12,voice 1
Akhdar,خلص ع القلق اللي جواك 🔪 ، كتاب: لا تغذِّ عقل القرد. #أخضر,1,year,https://www.youtube.com/watch?v=jFbbA-gWRtU,11,voice 1
Akhdar,تغلب علي صياح الآخرين 🏃🏻، كتاب:  ابتعد عن المتذمّر المزمن #أخضر,1,year,https://www.youtube.com/watch?v=864czfpUA4E,13,voice 1
Akhdar,كتالوج القلوب ❤️ ، كتاب:  شفرة العلاقات العاطفية #أخضر,1,year,https://www.youtube.com/watch?v=Wg9ftWfqMBM,15,voice 1
Akhdar,ازاي تخلي يومك 48 ساعة مش 24 ساعة؟!🤔 كتاب :اصنع وقتًا أكثر من المتاح #أخضر,1,year,https://www.youtube.com/watch?v=oT_2Y07fCZY,13,voice 1
Akhdar,سحر الاقناع 🪄 ، كتاب : طريقة ثورية للتأثير والإقناع #أخضر,1,year,https://www.youtube.com/watch?v=cHZNQ2HZRik,14,voice 1
Akhdar,خطة الخروج برا الصندوق 🤓، كتاب كيف تصبح مفكر مبدع #أخضر,1,year,https://www.youtube.com/watch?v=1dhXTEUMrLo,12,voice 1
Akhdar,اد ايه المراهقة مرهقة! 👨‍🦰👧 كتاب:دماغ المراهقين #أخضر,1,year,https://www.youtube.com/watch?v=Tf785uBPHRg,14,voice 1
Akhdar,ليه خايف تنشر إبداعك 🤔 كتاب: انشر فنك #أخضر,2,year,https://www.youtube.com/watch?v=o8Lw1KTBOdc,13,voice 1
Akhdar,الرجالة خاينة ولا الستات اللي بتغير!🙄كتاب : مشكلات عاطفيّة #أخضر,2,year,https://www.youtube.com/watch?v=jdzuJF1P0xI,13,voice 1
Akhdar,تخلص من عقلك🧠#أخضر,2,year,https://www.youtube.com/watch?v=sRVRI9AlQK8,13,voice 1
Akhdar,الموبايلات ليها ودان 📱، الرقميون: أنت مراقب #أخضر,2,year,https://www.youtube.com/watch?v=nlMkxKTgTyg,12,voice 1
Akhdar,ليه مش بنحب المدرسة؟ 🤔 🏫، كتاب: لماذا لا يحب التلاميذ المدرسة #أخضر,2,year,https://www.youtube.com/watch?v=Ogog8LJ_578,10,voice 1
Akhdar,ما وراء الأنمي 🔮، كتاب :الانمي وأثره في الجيل العربي #أخضر,2,year,https://www.youtube.com/watch?v=JHGbkjamJUs,14,voice 1
Akhdar,قهر الوسواس القهري 😵، كتاب: الوسواس والهواجس النفسيّة #أخضر,2,year,https://www.youtube.com/watch?v=-zen_PvE9_w,9,voice 1
Akhdar,ازاي تسافر باقل التكاليف 🛫، كتاب: أساطير السفر السبعة #أخضر,2,year,https://www.youtube.com/watch?v=o64dz1y4mAE,14,voice 1
Akhdar,ما تخسرش حياتك عشان فيديو جيم 🎮 ، كتاب كيف تتوقف عن الألعاب الإلكترونية #أخضر,2,year,https://www.youtube.com/watch?v=sIThSAZeZxc,12,voice 1
Akhdar,بقولك ايه ما تدلع نفسك شوية؟🤩 كتاب العناية بالذات #أخضر,2,year,https://www.youtube.com/watch?v=7eP9OWdWlmw,11,voice 1
Akhdar,أزاي تتخلص من بعبع البرزنتيشن؟ 😫، كتاب: المتحدث الواثق #أخضر,2,year,https://www.youtube.com/watch?v=kTrszTOyOlI,10,voice 1
Akhdar,هل الانسان ممكن يكون بيفكر زاي الميكروويف؟ 🔥كتاب:التأثير المركب #أخضر,2,year,https://www.youtube.com/watch?v=iwaaYF6PGOU,11,voice 1
Akhdar,ازاي تصحى من اول منبة ! ☝🏻 كتاب: مُعجزة الصباح #أخضر,2,year,https://www.youtube.com/watch?v=_KVmjgzv-VQ,11,voice 1
Akhdar,اوعي تكون واحد من اللي بيقع في الفخ 😳، كتاب الفخ القاتل #أخضر,2,year,https://www.youtube.com/watch?v=fSNN6gyD0hE,12,voice 1
Akhdar,أزاي تركز في اللي بتعمله؟ 🤓، كتاب فن التركيز والإنجاز #أخضر,2,year,https://www.youtube.com/watch?v=Aqz_BSP3HMw,13,voice 1
Akhdar,ازاي تبقى Creative؟ 🤔🤷🏻‍♂️ كتاب: من قتل الإبداع؟ #أخضر,2,year,https://www.youtube.com/watch?v=gCk1KlrMA8Y,11,voice 1
Akhdar,سجن العالم الافتراضي🚨🏛️كتاب أطفال العصر الرقمي #أخضر,2,year,https://www.youtube.com/watch?v=lYM6h4Cip0Y,12,voice 1
Akhdar,سحر اللطف🔮كتاب اللطف وآثاره الجانبية الخمسة #أخضر,2,year,https://www.youtube.com/watch?v=5DuUW_M6fGQ,13,voice 1
Akhdar,احنا ليه بنكتئب؟ 🤔 كتاب: إخفاق التواصل #أخضر,2,year,https://www.youtube.com/watch?v=ULljQgfnmoA,11,voice 1
Akhdar,ازاي السيلفي دمر حياتنا! 🤳🏻 كتاب:  أنا أوسيلفي إذن أنا موجود #أخضر,2,year,https://www.youtube.com/watch?v=LzAS0b0zuBo,11,voice 1
Akhdar,اكيد تعرف حد مضطرب نفسياً ! 🙄كتاب حكايات التعب والشفاء #أخضر,2,year,https://www.youtube.com/watch?v=tQomkvjimfI,12,voice 1
Akhdar,هو انا ازاي كبرت كده 😦 كتاب: متعة أن تكون في الثلاثين #أخضر,2,year,https://www.youtube.com/watch?v=Cu18hw7gwyU,11,voice 1
Akhdar,عمرك كنت تتخيل النوم حلّالّ لكل المشاكل دي! 😳 كتاب: لماذا ننام؟ #أخضر,2,year,https://www.youtube.com/watch?v=0pdo9DgZfYc,11,voice 1
Akhdar,كفاية هلم المنهج قبل الامتحان!  😏 كتاب امتحانات بلا خوف #أخضر,2,year,https://www.youtube.com/watch?v=sUfjCH9efgQ,13,voice 1
Akhdar,ازاي توصل للنضج النفسي؟ 🤓 كتاب إنسان بعد التحديث  #أخضر,2,year,https://www.youtube.com/watch?v=XySi-5ZxCYQ,13,voice 1
Akhdar,ازاي توازن بين الجد واللعب ؟ 🎮🤔 كتاب مستقبل السعادة #أخضر,2,year,https://www.youtube.com/watch?v=WJ-Enc_w6CI,12,voice 1
Akhdar,تخيل الإيجابية طلعت مش حل؟ 😱 كتاب فن الامبالاة #أخضر,2,year,https://www.youtube.com/watch?v=xxbDbFHRpOo,12,voice 1
Akhdar,أزاي تتكلم بجسمك 🙋‍♂️🙋‍♀️ لغة الجسد ، كتاب كيف تقرأ شخصًا مثل الكتاب #أخضر,2,year,https://www.youtube.com/watch?v=ayenEblJk2U,12,voice 1
Akhdar,قبل أن اموت أريد أن...😟 كتاب مت فارغًا #أخضر,2,year,https://www.youtube.com/watch?v=lCUc00CS3SU,11,voice 1
Akhdar,اوعى حياتك تتسرق منك 🚨 كتاب لا تستطيع إفساد يومي #أخضر,2,year,https://www.youtube.com/watch?v=Jfm7OY_TUVk,12,voice 1
Akhdar,خمس ثواني هيفرقو في حياتك 5️⃣كتاب قاعده الثواني الخمس #أخضر,2,year,https://www.youtube.com/watch?v=VlKKvUh4fho,11,voice 1
Akhdar,"مش كفاياك حجج بقي ؟ 🤔كتاب :تخلّص من ""ولكن"" #أخضر",2,year,https://www.youtube.com/watch?v=A-tjChnCcPs,12,voice 1
Akhdar,خطوات تربية طفل شقي 🤪كتاب تربية طفل متمرد #أخضر,2,year,https://www.youtube.com/watch?v=Vz-ieIZoNog,13,voice 1
Akhdar,موف اون يا خزان الأحزان 😏 كتاب السماح بالرحيل #أخضر,2,year,https://www.youtube.com/watch?v=4dT6MlrlnX0,10,voice 1
Akhdar,خطة ال 30 يوم 📱📵- كتاب كيف تقطع علاقتك بهاتفك؟ #أخضر,2,year,https://www.youtube.com/watch?v=bclLXd9qyOg,13,voice 1
Akhdar,ازاي تتخلص من إدمان الإباحية 😖 كتاب كسر الدائرة #أخضر,2,year,https://www.youtube.com/watch?v=3nSFcNdP_zY,12,voice 1
Akhdar,ازاي تواجه مشاعرك السلبية؟ 😖 كتاب الثقة العاطفية.. خطوات بسيطة لبناء ثقتك #أخضر,2,year,https://www.youtube.com/watch?v=lpJEs6yp8uM,13,voice 1
Akhdar,4 طرق للتفكير 🤓 كتاب كيف تفكر الإسفنجة #أخضر,2,year,https://www.youtube.com/watch?v=FLyYkM4epn0,11,voice 1
Akhdar,ازاي تحل مشكلتك العاطفية  🤔 كتاب لا تقتل الطفلة في زوجتك #أخضر,2,year,https://www.youtube.com/watch?v=Dv6YEghiTwg,13,voice 1
Akhdar,كيف تحب نفسك؟  🥰 كتاب أنا أحب ذاتي #أخضر,2,year,https://www.youtube.com/watch?v=MjUeZ3jOMWc,13,voice 1
Akhdar,ليه محدش عارف يفهمني؟ 😔 كتاب: لماذا من حولك أغبياء #أخضر,2,year,https://www.youtube.com/watch?v=ZngxvMkK0mU,12,voice 1
Akhdar,كيف بدأ النكد؟ 🤔 كتاب زوج صالح.. زواج ناجح #أخضر,2,year,https://www.youtube.com/watch?v=jzBOzM9ehu4,12,voice 1
Akhdar,ازاي تبقي عبقري! 🤓 كتاب الإتقان #أخضر,2,year,https://www.youtube.com/watch?v=B8GO56WiCoU,12,voice 1
Akhdar,ازاي تقرأ اللي قدامك 🤓 كتاب محاط بالحمقى #أخضر,2,year,https://www.youtube.com/watch?v=Ch9uohTf4QM,12,voice 1
Akhdar,الأمل الوحيد للنجاة ⚠️ كتاب خراب #أخضر,2,year,https://www.youtube.com/watch?v=C9-sWx--01w,10,voice 1
Akhdar,كيف تقهر الاكتئاب؟ 🐕‍🦺كتاب الكلب الاسود #أخضر,2,year,https://www.youtube.com/watch?v=LTWXrUymZ6I,12,voice 1
Akhdar,الانسان ايه غير شوية عادات 🎮👨🏻‍🏫🛫 ، كتاب العادات الذرية  #أخضر,2,year,https://www.youtube.com/watch?v=GUURUdbVNHI,10,voice 1
Akhdar,تقديس المشاعر🥰 كتاب عبادة المشاعر 🥰 #أخضر,2,year,https://www.youtube.com/watch?v=spCOmFI4nOA,12,voice 1
Akhdar,شبح الاكتئاب 👻💀، كتاب الحزن الخبيث #أخضر,2,year,https://www.youtube.com/watch?v=ZeihhuBDDHA,11,voice 1
Akhdar,"أنماط الشخصية ال4🔴🔵🟢🟡 , كتاب معرفة الإنسان من نظرة #أخضر",2,year,https://www.youtube.com/watch?v=oZ8R9m80wJY,11,voice 1
Akhdar,عظيم ولكن انطوائي ! 😲 ملخص كتاب الهدوء #أخضر,2,year,https://www.youtube.com/watch?v=ozEXnN2M_IM,11,voice 1
Akhdar,اوعي تكون غرقان في الوهم : كتاب وهم الإنجاز 😵‍💫 #أخضر,3,year,https://www.youtube.com/watch?v=LGdOz3oYpQg,13,voice 1
Akhdar,كتاب: في مديح البطء 🚶 #أخضر,3,year,https://www.youtube.com/watch?v=ZUzgWQbIKj8,10,voice 1
Akhdar,كتاب سبعة أخطاء يرتكبها الأزواج تقتل الحب 💔 #أخضر,3,year,https://www.youtube.com/watch?v=_zO2EyWSoqs,13,voice 1
Akhdar,كتاب: الكتاب الذي تتمنى لو قرأه أبواك 👫 #أخضر,3,year,https://www.youtube.com/watch?v=xriYYmxvj94,12,voice 1
Akhdar,كتاب هل أنت جيد بما يكفي؟ 🤔 #أخضر,3,year,https://www.youtube.com/watch?v=LE_zWdnWsNI,10,voice 1
Akhdar,كتاب استراتيجية المحيط الأزرق 🌊  #أخضر,3,year,https://www.youtube.com/watch?v=-ac7f4Nhz60,13,voice 1
Akhdar,كتاب تكلم بدون خوف 🔥 #أخضر,3,year,https://www.youtube.com/watch?v=QEBmR-4lAYQ,13,voice 1
Akhdar,كيف تتعامل مع النرجسي 👹 | كتاب تعرية النرجسي,3,year,https://www.youtube.com/watch?v=T45agk30zEg,12,voice 1
Akhdar,كتاب كيف تستعيدين زوجك قبل فوات الأوان 🔥 #أخضر,3,year,https://www.youtube.com/watch?v=PLfCsoTTY1s,13,voice 1
Akhdar,كتاب فقط اسأل الأسئلة المناسبة لتحصل على ما تريد 🔥 #أخضر,3,year,https://www.youtube.com/watch?v=BWFrEBB5nqI,12,voice 1
Akhdar,كتاب العيال كبرت 👌 التربية الجنسية للأبناء 🔥 #أخضر,3,year,https://www.youtube.com/watch?v=lmIGsdu7pFs,12,voice 1
Akhdar,التعافي من العلاقات المؤذية 👌 كتاب أحببت وغدًا 🔥 #أخضر,3,year,https://www.youtube.com/watch?v=UZa7Dk16gH0,12,voice 1
Akhdar,كتاب قلق السعي إلى المكانة  🔥 #أخضر,3,year,https://www.youtube.com/watch?v=QnLNzMg4K10,14,voice 2
Akhdar,أسرار الجسم الصحي | مراجعة كتاب العادات السبع لحياة صحية,3,year,https://www.youtube.com/watch?v=yr4lMk3CVGE,11,voice 2
Akhdar,مراجعة كتاب كيف تفوز في مشاكل البكاء والمشادات مع طفلك؟,3,year,https://www.youtube.com/watch?v=2QNyjZ0o8lM,10,voice 2
Akhdar,كتاب التغيير للأفضل - لـ فريق أخضر,3,year,https://www.youtube.com/watch?v=xz21IYUMB-w,13,voice 2
Akhdar,ما هي فوائد الشعور بالألم؟ - مراجعة كتاب: هبة الألم,3,year,https://www.youtube.com/watch?v=ZzCxVFBZ_8A,13,voice 2
Akhdar,4 مراحل لجعل شركتك عظيمة - كتاب من جيد إلى عظيم,3,year,https://www.youtube.com/watch?v=3RYTRpk_iFI,13,voice 2
Akhdar,كتاب سيكولوجية الخبرة,3,year,https://www.youtube.com/watch?v=xe1G650lM30,10,voice 2
Akhdar,قبعات التفكير الست - كتاب إدوارد دي بونو,3,year,https://www.youtube.com/watch?v=BIOZUZcUvX0,10,voice 2
Akhdar,كيف تحافظ على طاقتك وتزيد من إنتاجيتك | مراجعة كتاب مائة طريقة لتحفيز نفسك,3,year,https://www.youtube.com/watch?v=zhu9aKtLs7s,13,voice 2
Akhdar,كيف تؤثر السوشيال ميديا على عقولنا؟ - كتاب حضارة السمكة الحمراء,3,year,https://www.youtube.com/watch?v=LfiWgb90TVs,11,voice 2
Akhdar,كتاب التفكير خارج الصندوق,3,year,https://www.youtube.com/watch?v=eefunJxMvCU,13,voice 2
Akhdar,كيف يمكنك النوم بسهولة - كتاب لا أرق بعد اليوم,3,year,https://www.youtube.com/watch?v=STp2RwGOHQ4,12,voice 2
Akhdar,كيف يدمر التوتر حياتك؟ - كتاب إخلع رداء التوتر,3,year,https://www.youtube.com/watch?v=ers0_NDmfxQ,12,voice 2
Akhdar,كيف تكون متحدثًا بارعًا - كتاب الارتجال,3,year,https://www.youtube.com/watch?v=qAU3hVhjfz8,10,voice 2
Akhdar,كيف تستعيد زوجتك قبل فوات الأوان؟,3,year,https://www.youtube.com/watch?v=IC3ohVHnEVU,12,voice 2
Akhdar,خطوات بسيطة للحصول على ما تريد - كتاب كن حاسماً,3,year,https://www.youtube.com/watch?v=5EEZahMLu-w,10,voice 2
Akhdar,العادات العشر للشخصية الناجحة - كتاب إبراهيم بن حمد القعيد,3,year,https://www.youtube.com/watch?v=UhQUkrn3ZYs,13,voice 2
Akhdar,كتاب بداية الرحلة,3,year,https://www.youtube.com/watch?v=Mb1ySO7Mqog,12,voice 2
Akhdar,كتاب إذا كان الحب لعبة فهذه قوانينها,3,year,https://www.youtube.com/watch?v=T62PwMJWG5Y,13,voice 2
Akhdar,الجانب الخفي عنا عن المرأة - كتاب الصحة النفسية للمرأة,3,year,https://www.youtube.com/watch?v=16m_lVvkg_c,12,voice 2
Akhdar,كيف أتخلص من مشكلة النسيان؟ - كتاب العقل الخارق,3,year,https://www.youtube.com/watch?v=Arb0RpqhCsM,12,voice 2
Akhdar,إرادة الإنسان في علاج الإدمان - كتاب آرنولد واشنطن,3,year,https://www.youtube.com/watch?v=sDQPqY0uDYY,13,voice 2
Akhdar,كتاب عبودية الكراكيب,3,year,https://www.youtube.com/watch?v=vT-7RegrV-E,10,voice 2
Akhdar,أشخاص سيئو الطباع - كتاب جاي كارتر,3,year,https://www.youtube.com/watch?v=6YuztTNyQT0,12,voice 2
Akhdar,لماذا أخشى أن أقول لك من أنا؟ - كتاب الأب جان باول,3,year,https://www.youtube.com/watch?v=pBEqblL99Vw,12,voice 2
Akhdar,أسرار الترتيب بدون مجهود - كتاب انشروا الفرح,3,year,https://www.youtube.com/watch?v=SiWOMSl1mCA,12,voice 2
Akhdar,كيف تحمي نفسك من الرجال السيئين؟ - كتاب رجال سيئو الطبع,3,year,https://www.youtube.com/watch?v=2sBIJV2dDiA,10,voice 2
Akhdar,حتى لا تصطدم بالواقع! - كتاب 101 نصيحة للخريجين,3,year,https://www.youtube.com/watch?v=8i4msR3TUPU,13,voice 2
Akhdar,أنت ماتؤمن به - كتاب سرعة الثقة,3,year,https://www.youtube.com/watch?v=nUf-IPxb8Cc,12,voice 2
Akhdar,نصائح مهمة للارتقاء بمشروعك - كتاب عن الضروريات,3,year,https://www.youtube.com/watch?v=_G3GGZf0olU,13,voice 2
Akhdar,فن اختيار شريك الحياة - كتاب خليفة المحرزي,3,year,https://www.youtube.com/watch?v=tFydNbpdujc,10,voice 2
Akhdar,كيف تجذب الناس كالمغناطيس - كتاب ليل لاوندس,3,year,https://www.youtube.com/watch?v=Ovi-EOwsKz0,13,voice 2
Akhdar,كيف تتخلص من عبودية الأشياء؟ - كتاب بسط حياتك,3,year,https://www.youtube.com/watch?v=vIezU6q-hL8,13,voice 2
Akhdar,كيف نحمي أسرنا من التفكك - كتاب التواصل الأسري,3,year,https://www.youtube.com/watch?v=m6s6ZdQOuBw,11,voice 2
Akhdar,ماذا أقول وقت الأزمات؟ - كتاب فن المساعدة,3,year,https://www.youtube.com/watch?v=LhVXFztyJXw,11,voice 2
Akhdar,شريك حياتي من فضلك افهمني - كتاب أسامة يحيى أبو سلامة,3,year,https://www.youtube.com/watch?v=WyC5HsGTxeI,11,voice 2
Akhdar,القلق قيود من الوهم - كتاب عبد الستار إبراهيم,3,year,https://www.youtube.com/watch?v=ysWyIfRIyrk,12,voice 2
Akhdar,أستطيع أن أجعلك نحيلة - كتاب بول مك كينا,3,year,https://www.youtube.com/watch?v=s8EHfHSVqJI,10,voice 2
Akhdar,أبي الذي أكره - كتاب عماد رشاد عثمان,3,year,https://www.youtube.com/watch?v=aYtq7VcS0Ug,13,voice 2
Akhdar,تقصير الأهل - كتاب ابني المراهق يقودني إلى الجنون,3,year,https://www.youtube.com/watch?v=9NoY30prv7w,12,voice 2
Akhdar,التخلص من آثار الاعتداء الجنسي - كتاب من الخزي للسلام,3,year,https://www.youtube.com/watch?v=OYJ3GXD8cvE,10,voice 2
Akhdar,أخطاء تُدمر فريق عملك - كتاب العوامل الخمسة لخلل العمل الجماعي,3,year,https://www.youtube.com/watch?v=x1gEqjuZW1k,11,voice 2
Akhdar,كيف تتصرف في المواقف الصعبة - كتاب دليل التعامل مع الحالات الطارئة,3,year,https://www.youtube.com/watch?v=ftISSHDYIEQ,12,voice 2
Akhdar,كيف تتحكم في غضبك؟ - كتاب عادة الغضب في تربية الأولاد,3,year,https://www.youtube.com/watch?v=O9iNa_shFYQ,11,voice 2
Akhdar,شفاء جراح الماضي - كتاب زواج تطارده الأشباح,3,year,https://www.youtube.com/watch?v=EpOJ3NUK9Q0,14,voice 2
Akhdar,كيف تحطم طفلاً؟ - كتاب ابني لا يكفي أن أحبك,3,year,https://www.youtube.com/watch?v=x91T_mzpdXA,12,voice 2
Akhdar,كيف تتخلص من المثالية المفرطة؟ - كتاب نعمة عدم الكمال,3,year,https://www.youtube.com/watch?v=8KjQtAmgSgk,11,voice 2
Akhdar,لماذا يقتل الناس بعضهم البعض؟ - كتاب حيونة الإنسان,3,year,https://www.youtube.com/watch?v=zQgFWFH7sAc,10,voice 2
Akhdar,احمِ علاقتك العاطفية - كتاب كيف تحصل على الحب الذي تريده,3,year,https://www.youtube.com/watch?v=FS-FlFuY5DQ,12,voice 2
Akhdar,من المجتمع للمجتمع دليل لصناعة التغيير - كتاب بسمة التويجري,3,year,https://www.youtube.com/watch?v=sBC3lPnXv_Y,11,voice 2
Akhdar,صحة العلاقات - كتاب أوسم وصفي,4,year,https://www.youtube.com/watch?v=AgnW6O3VHtk,13,voice 2
Akhdar,صناعة اللوم - كتاب ستيفن فاينمان,4,year,https://www.youtube.com/watch?v=AHvBTTPMJKA,14,voice 2
Akhdar,فخ السعادة - كتاب روس هاريس وبيف آيسبيت,4,year,https://www.youtube.com/watch?v=zdnd52o52IU,14,voice 2
Akhdar,بنات مدمني ومدمنات المسكرات -  كتاب روبرت آكرمان,4,year,https://www.youtube.com/watch?v=XA47mwlFAtA,13,voice 2
Akhdar,الغيرة والخيانة - كتاب عادل صادق,4,year,https://www.youtube.com/watch?v=JLHIh9HBAOY,14,voice 2
Akhdar,تكوين المفكر - كتاب عبدالكريم بكار,4,year,https://www.youtube.com/watch?v=5f1DARDvs4E,13,voice 2
Akhdar,دماغك تحت تأثير الإباحية - كتاب جاري ويلسون,4,year,https://www.youtube.com/watch?v=wNwjd99-AV4,13,voice 2
Akhdar,١٠ أشياء تمنيت معرفتها قبل دخولي الجامعة - كتاب ياسر عبدالكريم بكار,4,year,https://www.youtube.com/watch?v=NcPu3upxAgk,15,voice 2
Akhdar,داء إرضاء الآخرين - كتاب هاريت ب. بريكر,4,year,https://www.youtube.com/watch?v=X4dYDqNWN_Y,14,voice 2
Akhdar,كيف تتحدث فيصغي الصغار إليك - كتاب الين مازليش واديل نابر,4,year,https://www.youtube.com/watch?v=q40czjGd3VA,12,voice 2
Akhdar,الهشاشة النفسية - كتاب إسماعيل عرفة,4,year,https://www.youtube.com/watch?v=e3qaojF4oBw,15,voice 2
Akhdar,أدر مهامك اليومية - كتاب جوسلين كيه جلاي,4,year,https://www.youtube.com/watch?v=mfTsxm5YjzQ,10,voice 2
Akhdar,رجولة قلب - كتاب جون الدريردج,4,year,https://www.youtube.com/watch?v=8XHht7nbBiI,11,voice 2
Akhdar,علاقات الزوجين ببيت الحما - كتاب غاري تشامبان,4,year,https://www.youtube.com/watch?v=3UfPjebP0fk,13,voice 2
Akhdar,الفصامي: كيف نفهمه ونساعده - كتاب سيلفانو أريتي,4,year,https://www.youtube.com/watch?v=Spoe7i7IRBk,11,voice 2
Akhdar,نظام التفاهة - كتاب آلان دونو,4,year,https://www.youtube.com/watch?v=WfAKAqa7obg,12,voice 2
Akhdar,دليل تربية الصبيان - كتاب شيريل ايروين,4,year,https://www.youtube.com/watch?v=ylkQTGP81uw,13,voice 2
Akhdar,الإلمام بالحقيقة - كتاب هانس روسلينج,4,year,https://www.youtube.com/watch?v=luc7SnTobvA,10,voice 2
Akhdar,كنت أود أن أعرف هذا قبل ان اتزوج - كتاب جاري تشابمان,4,year,https://www.youtube.com/watch?v=TI66u1cfGIE,12,voice 2
Akhdar,دليل النجاة من الألم - كتاب دينيس تيرك,4,year,https://www.youtube.com/watch?v=Og_MOTkKGW0,12,voice 2
Akhdar,أسر مسممة - كتاب سوزان فورورد,4,year,https://www.youtube.com/watch?v=LlcX9JgFOx4,12,voice 2
Akhdar,تساؤلات العافية - كتاب وليد فتيحي,4,year,https://www.youtube.com/watch?v=3Lb5t9zdYTg,11,voice 2
Akhdar,٨٨ قاعدة  لزواج ناجح - كتاب هارييت ليرنر,4,year,https://www.youtube.com/watch?v=UQsf-WnkMb0,11,voice 2
Akhdar,ملك محارب ساحر محب - كتاب روبرت موور,4,year,https://www.youtube.com/watch?v=NhTlhCJPuqo,13,voice 2
Akhdar,من يشد خيوطك - كتاب هاريت بريكر,4,year,https://www.youtube.com/watch?v=TZonsMyHo-M,11,voice 2
Akhdar,الشخص مفرط الحساسية - كتاب إلين أرون,4,year,https://www.youtube.com/watch?v=Pim9gI7HcSs,11,voice 2
Akhdar,لا مزيد من الانغماس في هموم الآخرين - كتاب ميلودي بيتي,4,year,https://www.youtube.com/watch?v=K9MdTN0GUdQ,10,voice 2
Akhdar,كيف تؤكد ذاتك؟ - كتاب كريستين نصار,4,year,https://www.youtube.com/watch?v=wjOgrz8E5RY,10,voice 2
Akhdar,طرق مختصرة للاحتفاظ بهدوئك - كتاب جيل لندنفيلد,4,year,https://www.youtube.com/watch?v=zTx8-o8xh_k,9,voice 2
Akhdar,الإسعافات الأولية العاطفية - كتاب جاي وينش,4,year,https://www.youtube.com/watch?v=_4COs6gMpVU,10,voice 2
Akhdar,الماجريات - كتاب إبراهيم السكران,4,year,https://www.youtube.com/watch?v=0a1ddlovuug,9,voice 2
Akhdar,فن الحب - كتاب إريك فروم,4,year,https://www.youtube.com/watch?v=_LgUS55-Gro,9,voice 2
Akhdar,مركب النقص والعقد النفسية - كتاب ماكبرايد,4,year,https://www.youtube.com/watch?v=C3DBsH9Ftqk,10,voice 2
Akhdar,أنقذوا الطفل في داخلكم - كتاب تشارلز ويتفيلد,4,year,https://www.youtube.com/watch?v=TGIYPxK8YSQ,9,voice 2
Akhdar,كنت أظن أنني وحدي في هذا -  كتاب برينيه براون,4,year,https://www.youtube.com/watch?v=vH4RXkr9bds,10,voice 2
Akhdar,الصورة الذاتية - كتاب أوسم وصفي,4,year,https://www.youtube.com/watch?v=HqtqrS_P2LA,13,voice 2
Akhdar,التواصل غير العنيف - كتاب مارشال روزنبرج,4,year,https://www.youtube.com/watch?v=kGkSogVxqC4,11,voice 2
Akhdar,قوة الصبر - كتاب إم جيه رايان,4,year,https://www.youtube.com/watch?v=844jLnzzHg0,10,voice 2
Akhdar,أسوأ عدو أفضل معلم ـ كتاب ديدري كومبس,4,year,https://www.youtube.com/watch?v=3n4rz9SUySE,10,voice 2
Akhdar,قواعد الإدارة - كتاب ريتشارد تمبلر,4,year,https://www.youtube.com/watch?v=MBEtTsiP7vs,10,voice 2
Akhdar,أساسيات العلاقات - كتاب جون ماكسويل,4,year,https://www.youtube.com/watch?v=cschA2QCgdQ,8,voice 2
Akhdar,احتياجاته واحتياجاتها - كتاب ويلارد هارل,4,year,https://www.youtube.com/watch?v=EeKDHN2n03Q,10,voice 2
Akhdar,قوانين الكاريزما - كتاب كيرت مورتينسين,4,year,https://www.youtube.com/watch?v=0DyUYE9rAVU,10,voice 2
Akhdar,كيف تتحدث بثقة أمام الناس - كتاب فيفيان بوكان,4,year,https://www.youtube.com/watch?v=dLYU45DbO_U,9,voice 2
Akhdar,مباريات سيكولوجية - كتاب عادل صادق,4,year,https://www.youtube.com/watch?v=P1LxnwltLDw,10,voice 2
Akhdar,قواعد العمل - كتاب ريتشارد تمبلر,4,year,https://www.youtube.com/watch?v=0msTZ8W5yjY,10,voice 2
Akhdar,كيف تنشئ مشروعًا تجاريًا وتديره وتحافظ عليه - كتاب جريجوري كيشيل,4,year,https://www.youtube.com/watch?v=8vxRK9K9CjQ,10,voice 2
Akhdar,قوة الانضباط - كتاب براين تراسي‎,4,year,https://www.youtube.com/watch?v=QpPuDb_jOcM,9,voice 2
Akhdar,كيف يفكر الناجحون - كتاب جون ماكسويل,4,year,https://www.youtube.com/watch?v=Y2v5FJRrP4Y,9,voice 2
Akhdar,ماكينة الأفكار - كتاب ناديا شنتزلر,4,year,https://www.youtube.com/watch?v=0dRBSoKz4ws,8,voice 2
Akhdar,كيف تبني شخصية قوية وإيجابية - كتاب  فينكاتا أيار,4,year,https://www.youtube.com/watch?v=tCA4_BSo7pE,10,voice 2
Akhdar,الذكاء العاطفي 2.0 - كتاب ترافيس برادبيري,4,year,https://www.youtube.com/watch?v=A1CVFeZ8blg,9,voice 2
Akhdar,إجعل الناس يفعلوا ما تريد - كتاب ماريانا كارينش,4,year,https://www.youtube.com/watch?v=UtYmYj0HSj4,9,voice 2
Akhdar,التجربة الفكرية لروح أمُه - كتاب كيرلس بهجت,5,year,https://www.youtube.com/watch?v=u4VyIXqPYrM,12,voice 2
Akhdar,علاقات خطرة - كتاب محمد طه,5,year,https://www.youtube.com/watch?v=OTXHDW3x3dA,13,voice 2
Akhdar,الطبيعة البشرية ج٢ - كتاب روبرت غرين,5,year,https://www.youtube.com/watch?v=QQVnbbBiGkM,11,voice 2
Akhdar,القوة مقابل الإكراه - كتاب ديفيد هاوكينز,5,year,https://www.youtube.com/watch?v=3xU9eWQuQMg,13,voice 2
Akhdar,قوانين الطبيعة البشرية - كتاب روبرت غرين,5,year,https://www.youtube.com/watch?v=THwURcA5Z2I,15,voice 2
Akhdar,تصبح على خير يا عقلي - كتاب راشيل مانبير,5,year,https://www.youtube.com/watch?v=iVXXh0ySq-4,11,voice 2
Akhdar,القائد بالمصادفة - كتاب  مايكل فينلي,5,year,https://www.youtube.com/watch?v=cF7iF4CgcVU,10,voice 2
Akhdar,الحياة تخطيط  - كتاب ريك كيرتشنر,5,year,https://www.youtube.com/watch?v=mnlIzrCvgpA,8,voice 2
Akhdar,استشعر الخوف وأقدم على ما تخاف - كتاب سوزان جيفرز,5,year,https://www.youtube.com/watch?v=5JJ8kxjE-KU,9,voice 2
Akhdar,حول الخصوم إلى حلفاء - كتاب بوب برج,5,year,https://www.youtube.com/watch?v=Dwv-lzELdIU,10,voice 2
Akhdar,إنهم لا يدرسون إدارة الشركات في الجامعة - كتاب آليكسندرا ليفيت‎,5,year,https://www.youtube.com/watch?v=5KdvSwr9I_M,14,voice 2
Akhdar,الأسرار الكاملة للثقة التامة بالنفس - كتاب روبرت انتونى,5,year,https://www.youtube.com/watch?v=VQymvBfKP0w,10,voice 2
Akhdar,زبائن مدى الحياة - كتاب كارل سيول,5,year,https://www.youtube.com/watch?v=scZFcQDgzgA,11,voice 2
Akhdar,الفوز مع الناس - كتاب جون ماكسويل,5,year,https://www.youtube.com/watch?v=a9_5k-5dGBo,10,voice 2
Akhdar,تجاوز مخاوفك - كتاب هرفيه منيان,5,year,https://www.youtube.com/watch?v=I57sJ9CJLQk,8,voice 2
Akhdar,أوقف الأعذار - كتاب واين داير,5,year,https://www.youtube.com/watch?v=K9gh83lALXA,9,voice 2
Akhdar,ابن عضلاتك المالية - كتاب  جوان سوتكن,5,year,https://www.youtube.com/watch?v=FTcn3vWV-g4,9,voice 2
Akhdar,خطوة واحدة صغيرة قد تغير مجرى حياتك - كتاب روبرت موريو,5,year,https://www.youtube.com/watch?v=l02ApK7IOXk,9,voice 2
Akhdar,قوة الفشل - كتاب شارلز مانز,5,year,https://www.youtube.com/watch?v=Hxwdih3YOKg,7,voice 2
Akhdar,نظم وقتك في ٦٠ ثانية - كتاب جيف ديفيدسون,5,year,https://www.youtube.com/watch?v=oX-AV1QibiY,9,voice 2
Akhdar,كيف تسيطر على الآخرين - كتاب بيرتون كابلان,5,year,https://www.youtube.com/watch?v=9MEhqb_8nr4,10,voice 2
Akhdar,كون أصدقاء - كتاب اندرو ماثيوز,5,year,https://www.youtube.com/watch?v=3nkO-cG5kyY,11,voice 2
Akhdar,الزهرة والمريخ، عود على بدء - كتاب جون جراي,5,year,https://www.youtube.com/watch?v=ev_RQYDd3RU,10,voice 2
Akhdar,كيف تقول لا - كتاب سوزان نيومان,5,year,https://www.youtube.com/watch?v=vOC4VizmTog,10,voice 2
Akhdar,كيف تكون مفاوضًا أفضل؟ - كتاب ريتشارد لوكى,5,year,https://www.youtube.com/watch?v=jFDm2RkiyfA,11,voice 2
Akhdar,التفكير النقدي - كتاب ليندا إيلدر,5,year,https://www.youtube.com/watch?v=iU6W9ZrL-kc,9,voice 2
Akhdar,الإنطباعات الأولى - كتاب آن ديماري,5,year,https://www.youtube.com/watch?v=2_KEmI6Ze_I,9,voice 2
Akhdar,الأنا والهو - كتاب سيجموند فرويد,5,year,https://www.youtube.com/watch?v=ZZSFaO5tEIg,9,voice 2
Akhdar,دليل البائع الناجح - كتاب جيفري غيتومر,5,year,https://www.youtube.com/watch?v=NJsDIT9Ngyo,10,voice 2
Akhdar,اللغة الدبلوماسية - كتاب حسن العكيلي,5,year,https://www.youtube.com/watch?v=GLzwKc7xeAs,8,voice 2
Akhdar,العلم الزائف - كتاب بن جولديكر,5,year,https://www.youtube.com/watch?v=n9iJwqSQ2D4,10,voice 2
Akhdar,لا تتوقف عن التدخين - كتاب هاري الدر,5,year,https://www.youtube.com/watch?v=rE0ARB2p1_k,9,voice 2
Akhdar,العقل قبل المزاج - كتاب دينيس جرينبرج,5,year,https://www.youtube.com/watch?v=dDeStAEV0dY,10,voice 2
Akhdar,أنا لست مجنونا - كتاب روجر بيرمان,5,year,https://www.youtube.com/watch?v=4F5MEz_9LCI,12,voice 2
Akhdar,مصيدة التشتت - كتاب فرانسيس بووث,5,year,https://www.youtube.com/watch?v=5W0s2JA9ZUc,10,voice 2
Akhdar,تعرف على المواد الكميائية السعيدة الخاصة بك - كتاب لوريتا برونينج,5,year,https://www.youtube.com/watch?v=v9jhORatXnM,8,voice 2
Akhdar,الصحة النفسية للجميع ج٢ - فيكرام باتل,5,year,https://www.youtube.com/watch?v=aI5eBQtE9YA,9,voice 2
Akhdar,الصحة النفسية للجميع - كتاب فيكرام باتل,5,year,https://www.youtube.com/watch?v=1uM8LOmQ3Ws,9,voice 2
Akhdar,الرجال يتجهون نحو الشرق والنساء نحو اليمين - كتاب سابرا بروك,5,year,https://www.youtube.com/watch?v=S5PBMvQHQfM,7,voice 2
Akhdar,‫التأثير السيبراني - كتاب ماري آيكن,5,year,https://www.youtube.com/watch?v=mfwKTnrpUMM,9,voice 2
Akhdar,تعلم أن تسترخي - كتاب سي ايوجين ووكر,5,year,https://www.youtube.com/watch?v=s6e4vw3-Q8Y,10,voice 2
Akhdar,لاتصدق كل ما تفكر فيه - كتاب توماس كيدا,5,year,https://www.youtube.com/watch?v=U3zQctw0ryM,9,voice 2
Akhdar,المؤمن الصادق - كتاب إيريك هوڤر,5,year,https://www.youtube.com/watch?v=g1k2CXg6rhA,9,voice 2
Akhdar,الإحتراق النفسي - كتاب ويلمار شوفلي,5,year,https://www.youtube.com/watch?v=64Iq7K8l0os,9,voice 2
Akhdar,أناني وخائف وغبي - كتاب  دان جريجوري,5,year,https://www.youtube.com/watch?v=fr3Ec0PMfwc,12,voice 2
Akhdar,نساء سيئات الطبع - كتاب جاي كارتر,5,year,https://www.youtube.com/watch?v=Jji4WnlpOYk,9,voice 2
Akhdar,تعزيز تقدير الذات - كتاب رانجيت مالهي,5,year,https://www.youtube.com/watch?v=LuGZtN7EYdQ,9,voice 2
Akhdar,الوسواس القهري - كتاب لي باير,5,year,https://www.youtube.com/watch?v=H4SZhxTsBkg,8,voice 2
Akhdar,الاكتئاب - كتاب كوام ماكنزي,6,year,https://www.youtube.com/watch?v=oHrwi-Z8H8Q,9,voice 2
Akhdar,كيف تتعامل مع التوتر - كتاب كارى كوبر,6,year,https://www.youtube.com/watch?v=Ss4pMpARpPk,8,voice 2
Akhdar,الدوافع المحركة للبشر - كتاب سوزان كويليام,6,year,https://www.youtube.com/watch?v=FHfXAuIzefE,9,voice 2
Akhdar,سيكولوجية العنف - كتاب كولن ولسون,6,year,https://www.youtube.com/watch?v=TAcBA1eoZdg,9,voice 2
Akhdar,التغلب على الخجل - كتاب جون ووكر,6,year,https://www.youtube.com/watch?v=IZyAyAQNgbI,10,voice 2
Akhdar,النقطة العمياء - كتاب ماهزارين آر باناجي,6,year,https://www.youtube.com/watch?v=TV1VA-oIcG0,4,voice 2
Akhdar,كيف تغيّر تصرفات أي شخص - كتاب دافيد ليبرمان ج٢,6,year,https://www.youtube.com/watch?v=GyC2SwkL2-g,9,voice 2
Akhdar,كيف تغيّر تصرفات أي شخص - كتاب دافيد ليبرمان,6,year,https://www.youtube.com/watch?v=ZyfJr05z7Kg,9,voice 2
Akhdar,وعاظ السلاطين - كتاب علي الوردي,6,year,https://www.youtube.com/watch?v=WVywEOt7yqQ,6,voice 2
Akhdar,كيف تذاكر - كتاب بول أوليفر,6,year,https://www.youtube.com/watch?v=el19Ax3O__o,9,voice 2
Akhdar,أشهر ٥٠ خرافة في علم النفس - كتاب سكوت ليلينفيلد,6,year,https://www.youtube.com/watch?v=9lzVu8DBZBc,8,voice 2
Akhdar,لكل مزاج علاج - كتاب جاين ألدرشو,6,year,https://www.youtube.com/watch?v=BJCtU_YKiOE,10,voice 2
Akhdar,مكالمات صعبة - كتاب جوش جوردون,6,year,https://www.youtube.com/watch?v=fps25HdY3p4,10,voice 2
Akhdar,تجارب مع البشر - كتاب ربورت آبلسون,6,year,https://www.youtube.com/watch?v=vaP5PaHAas4,9,voice 2
Akhdar,لماذا يكذب الرجل وتبكي المرأة - كتاب آلان بيز,6,year,https://www.youtube.com/watch?v=rjMOerw8Tdo,9,voice 2
Akhdar,العدو الحميم - كتاب جاي فينلي,6,year,https://www.youtube.com/watch?v=5B4_-WKerfA,8,voice 2
Akhdar,المال اتقان اللعبة - كتاب أنتوني روبينز,6,year,https://www.youtube.com/watch?v=iekCs2vTM7E,10,voice 2
Akhdar,التعايش مع الخوف - كتاب ايزاك ماركس,6,year,https://www.youtube.com/watch?v=SQUSmlk2uc0,8,voice 2
Akhdar,تفسير الأحلام - كتاب سيجموند فرويد,6,year,https://www.youtube.com/watch?v=X-amoyzmN9g,9,voice 2
Akhdar,حجج فاسدة تجعلنا نبدو أغبياء - كتاب جوليان باجيني,6,year,https://www.youtube.com/watch?v=6ijb6J5vHLk,10,voice 2
Akhdar,فن الإغواء - كتاب روبرت غرين,6,year,https://www.youtube.com/watch?v=PGtQPvj5qDc,9,voice 2
Akhdar,الغرور هو العدو - كتاب راين هوليدي,6,year,https://www.youtube.com/watch?v=n4TQWpv347s,6,voice 2
Akhdar,العلم ووجود الله - كتاب جون لينوكس,6,year,https://www.youtube.com/watch?v=j0dNMHz04HI,8,voice 2
Akhdar,عمل أقل حياة أكثر - كتاب آري ميسل,6,year,https://www.youtube.com/watch?v=8Eu_bNKwuaM,8,voice 2
Akhdar,قصة الحضارة - كتاب ويل ديورانت,6,year,https://www.youtube.com/watch?v=Ey84bnvIUOo,10,voice 2
Akhdar,علم نفس البيع - كتاب براين تريسي,6,year,https://www.youtube.com/watch?v=U8yJkQ6UaFQ,8,voice 2
Akhdar,الطبيعة البشرية - كتاب ألفرد أدلر,6,year,https://www.youtube.com/watch?v=mDlj2OzGQTk,7,voice 2
Akhdar,قواعد الطعام - كتاب مايكل بولان,6,year,https://www.youtube.com/watch?v=bAojUe83MqE,8,voice 2
Akhdar,مفارقة الشمبانزي - كتاب ستيف بيترز,6,year,https://www.youtube.com/watch?v=M9xfMAxplss,8,voice 2
Akhdar,إدارة الأولويات - كتاب ستيفن كوفي,6,year,https://www.youtube.com/watch?v=qZuuc0b5xco,7,voice 2
Akhdar,البرمجة اللغوية العصبية للبسطاء - كتاب روميلا ريدي,6,year,https://www.youtube.com/watch?v=ayi7em3mKK8,8,voice 2
Akhdar,حل مشكلة النوم - كتاب كريس وينتر,6,year,https://www.youtube.com/watch?v=Z_pFOXhMN88,6,voice 2
Akhdar,إغواء العقل الباطن - كتاب روبرت هيث,6,year,https://www.youtube.com/watch?v=ujD2cKJnGDM,7,voice 2
Akhdar,التفكير الجانبي - كتاب ادوارد دي بونو,6,year,https://www.youtube.com/watch?v=TWePKR_KYqo,7,voice 2
Akhdar,الاتفاقيات الأربع - كتاب ميجيل ريز,6,year,https://www.youtube.com/watch?v=oiOmONVQP0Q,7,voice 2
Akhdar,٦٠ ثانية ويتم تعيينك - كتاب روبن راين,6,year,https://www.youtube.com/watch?v=EOMDTpTRHj0,8,voice 2
Akhdar,التدفق .. سر السعادة - كتاب ميهاي كسيسنتميهاي,6,year,https://www.youtube.com/watch?v=qn6Kr-BtgPM,5,voice 2
Akhdar,كتاب الحقيقة بشأن الكذب - ستان بي والترز,6,year,https://www.youtube.com/watch?v=myJJcOuOk3U,8,voice 2
Akhdar,كتاب فن الاختلاط بالناس - جين مارتينت,6,year,https://www.youtube.com/watch?v=JVODkOoaKVs,7,voice 2
Akhdar,التعامل مع ذوي الطباع الصعبة - مراجعة كرتونية ل كتاب ريك برنكمان,6,year,https://www.youtube.com/watch?v=vgoZxcBtP2M,8,voice 2
Akhdar,إدارة الغضب - مراجعة كرتونية ل كتاب جيل لندنفيلد,6,year,https://www.youtube.com/watch?v=Dvgj5VKWW04,9,voice 2
Akhdar,تاريخ موجز للزمان - مراجعة كرتونية ل كتاب ستيفن هوكنج,6,year,https://www.youtube.com/watch?v=gFN-39_oPAY,9,voice 2
Akhdar,٧ شخصيات تسمم حياتك - مراجعة كرتونية لكتاب أندرو فولر,6,year,https://www.youtube.com/watch?v=1gfPFsPKA-c,10,voice 2
Akhdar,اقهر الاكتئاب - مراجعة كرتونية ل كتاب ديفيد هيندز,6,year,https://www.youtube.com/watch?v=TCXdO9-MK-g,8,voice 2
Akhdar,ابدأ مع لماذا - مراجعة كرتونية لكتاب سيمون سينك,6,year,https://www.youtube.com/watch?v=2od3lSb0k98,7,voice 2
Akhdar,ادرس بذكاء وليس بجهد - مراجعة كرتونية ل كتاب كيفن بول,6,year,https://www.youtube.com/watch?v=qwnH9eYaI64,7,voice 2
Akhdar,صديقي لا تأكل نفسك - مراجعة كرتونية ل كتاب عبد الوهاب مطاوع,6,year,https://www.youtube.com/watch?v=DnRzR4F03zE,8,voice 2
Akhdar,الشركة الناشئة المرنة - مراجعة كرتونية ل كتاب إيريك ريس,6,year,https://www.youtube.com/watch?v=1L5t5uNTk7s,9,voice 2
Akhdar,فن التفكير الواضح - مراجعة كرتونية ل كتاب رولف دوبلي,7,year,https://www.youtube.com/watch?v=V7EBolQrIg0,12,voice 2
Akhdar,كتاب السياسة - مراجعة كرتونية لكتاب ابن سينا,7,year,https://www.youtube.com/watch?v=zc_TD6CIZgc,8,voice 2
Akhdar,كما يفكر الإنسان - مراجعة كرتونية ل كتاب جيمس الآن,7,year,https://www.youtube.com/watch?v=0zGbvHKvZp4,9,voice 2
Akhdar,عصر الجماهير الغفيرة - مراجعة كرتونية ل كتاب جلال أمين,7,year,https://www.youtube.com/watch?v=tmOjV7noIRI,9,voice 2
Akhdar,مصيدة الوقت - مراجعة كرتونية ل كتاب اليك ماكينزي,7,year,https://www.youtube.com/watch?v=MsMWX3lNix8,10,voice 2
Akhdar,الشيطان يحكم - مراجعة كرتونية ل كتاب مصطفى محمود,7,year,https://www.youtube.com/watch?v=DpNgv-oMcHU,10,voice 2
Akhdar,عقل جديد كامل - مراجعة كرتونية ل كتاب دانيال بينك,7,year,https://www.youtube.com/watch?v=OZwqVxp02m8,10,voice 2
Akhdar,٢١ قانوناً لايقبل الجدل في القيادة - مراجعة كرتونية لكتاب جون ماكسويل,7,year,https://www.youtube.com/watch?v=xQXSmAYpv9M,11,voice 2
Akhdar,طبائع الاستبداد ومصارع الاستعباد - مراجعة كرتونية ل كتاب عبد الرحمن الكواكبي,7,year,https://www.youtube.com/watch?v=TNgI8imYZ_o,8,voice 2
Akhdar,نعم: 50 سرا من اسرار علم الإقناع - مراجعة كرتونية ل كتاب نوح جولشتاين,7,year,https://www.youtube.com/watch?v=5vGCOOVqmPA,10,voice 2
Akhdar,تصرفي كسيدة وفكري كرجل - مراجعة كرتونية ل كتاب ستيف هارفي,7,year,https://www.youtube.com/watch?v=4-KpkZJ71Xw,9,voice 2
Akhdar,فن التفاوض - مراجعة كرتونية ل كتاب وليم يورى,7,year,https://www.youtube.com/watch?v=5zCA3v6gvNw,9,voice 2
Akhdar,ما يقوله كل جسد - مراجعة كرتونية ل كتاب جو نافارو,7,year,https://www.youtube.com/watch?v=3mbZeCIYQS8,8,voice 2
Akhdar,الحافز Drive - مراجعة كرتونية ل كتاب دانيال بينك,7,year,https://www.youtube.com/watch?v=7ZIj2db3ogg,10,voice 2
Akhdar,علم النفس التطوري - مراجعة كرتونية ل كتاب دافيد باس,7,year,https://www.youtube.com/watch?v=2rOsDNBjGjI,9,voice 2
Akhdar,الذكاء الاجتماعي - مراجعة كرتونية ل كتاب دانييل جولمان,7,year,https://www.youtube.com/watch?v=pn6ORxD0sLE,8,voice 2
Akhdar,كيف أصبح دافوراً - مراجعة كرتونية ل كتاب محمد معتوق الحسين,7,year,https://www.youtube.com/watch?v=pZkbtNczVB8,9,voice 2
Akhdar,مقدمة ابن خلدون - مراجعة كرتونية,7,year,https://www.youtube.com/watch?v=iYu1-ijL_go,10,voice 2
Akhdar,الخيار البديل - مراجعة كرتونية ل كتاب شيريل ساندبرج,7,year,https://www.youtube.com/watch?v=BwEwifdNzrk,8,voice 2
Akhdar,الإنسان المهدور - مراجعة كرتونية ل كتاب مصطفى حجازي,7,year,https://www.youtube.com/watch?v=94I1_WY2zeo,7,voice 2
Akhdar,كيف تتحدث الى اي شخص - مراجعة كرتونية ل كتاب ليل لوندز,7,year,https://www.youtube.com/watch?v=u0IUWybJ59o,8,voice 2
Akhdar,التأثير وسيكولوجية الإقناع - مراجعة كرتونية ل كتاب روبرت تشيالديني,7,year,https://www.youtube.com/watch?v=-KlNhptuLL8,9,voice 2
Akhdar,التنبيه اوالنغزة Nudge - مراجعة كرتونية لكتاب ريتشارد ثالر,7,year,https://www.youtube.com/watch?v=QH9Mtr0ZXkw,12,voice 2
Akhdar,أيقظ قواك الخفية - مراجعة كرتونية ل كتاب أنتوني روبنز,7,year,https://www.youtube.com/watch?v=KudGhu0Zmds,7,voice 2
Akhdar,الابتزاز العاطفي Emotional Blackmail - مراجعة كرتوينة ل كتاب سوزان فوروارد,7,year,https://www.youtube.com/watch?v=EnsNAFDw_rQ,8,voice 2
Akhdar,علم النفس الشعبي ومراجعة كرتونية ل كتاب ألعاب الناس - إيريك بيرن,7,year,https://www.youtube.com/watch?v=dfbfzTlHQ4I,8,voice 2
Akhdar,المتميزون Outliers - مراجعة كرتونية ل كتاب مالكوم جلادويل,7,year,https://www.youtube.com/watch?v=z7SvVhP6SEU,5,voice 2
Akhdar,تخطيط المهام وتنظيم الوقت بطريقة GTD - مراجعة كرتونية لكتاب Getting things done,7,year,https://www.youtube.com/watch?v=0X_cl6skQJg,7,voice 2
Akhdar,5 دروس من 50 كتاب,7,year,https://www.youtube.com/watch?v=ZkpxDIr5mA8,6,voice 2
Akhdar,دين ضد الدين - مراجعة كرتونية ل كتاب علي شريعتي,7,year,https://www.youtube.com/watch?v=bXdLFtXtiI0,4,voice 2
Akhdar,لا تكن لطيفاً أكثر من اللازم - مراجعة كرتونية ل كتاب ديوك روبنسون,7,year,https://www.youtube.com/watch?v=lZLt1H9ZWbU,8,voice 2
Akhdar,المنخفض The Dip - مراجعة كرتونية ل كتاب سيث جودين,7,year,https://www.youtube.com/watch?v=Gy1QCBBTCy4,8,voice 2
Akhdar,القوة: 48 قاعدة ترشدك إلى القوة - مراجعة كرتونية ل كتاب روبرت غرين,7,year,https://www.youtube.com/watch?v=Gym3KFPb79k,7,voice 2
Akhdar,قواعد السطوة The 48 Laws of Power - مراجعة كرتونية ل كتاب روبرت جرين,7,year,https://www.youtube.com/watch?v=Xz9_TTqNpl0,8,voice 2
Akhdar,كيف تتقن فن البيع - مراجعة كرتونية ل كتاب توم هوبكنز,7,year,https://www.youtube.com/watch?v=EUSdrBlkD-8,9,voice 2
Akhdar,علم نفسك التفكير - مراجعة كرتونية ل كتاب إدوارد دي بونو,7,year,https://www.youtube.com/watch?v=MHVzGHZNsfI,9,voice 2
Akhdar,أسرار عقل المليونير - مراجعة كرتونية ل كتاب هارف إيكر,7,year,https://www.youtube.com/watch?v=N1gQLECa5mE,9,voice 2
Akhdar,أرض جديدة - مراجعة كرتونية ل كتاب إيكهارت تول,7,year,https://www.youtube.com/watch?v=L3uvlAwoKhA,8,voice 2
Akhdar,ستيف جوبز - مراجعة كرتونية ل كتاب والتر إيزاكسون,7,year,https://www.youtube.com/watch?v=Y02i74N5z48,7,voice 2
